{
  "ECA-Net消融实验": {
    "baseline": {
      "model_name": "ECA消融实验_baseline",
      "experiment": "ECA-Net消融实验",
      "epochs": [
        1,
        2,
        3,
        4,
        5,
        6,
        7,
        8,
        9,
        10
      ],
      "train_acc": [
        6.76,
        11.28,
        11.94,
        19.62,
        21.8,
        34.71,
        42.05,
        49.69,
        52.16,
        56.49
      ],
      "test_acc": [
        7.61,
        7.32,
        11.45,
        16.04,
        23.3,
        32.59,
        39.88,
        46.35,
        50.97,
        54.9
      ],
      "test_acc_top5": [
        31.22,
        32.77,
        33.16,
        36.64,
        41.75,
        52.99,
        56.42,
        64.76,
        70.82,
        72.17
      ],
      "best_acc": 54.9,
      "parameters": 0.28,
      "total_time": 298.7479230996923
    },
    "with_eca": {
      "model_name": "ECA消融实验_with_eca",
      "experiment": "ECA-Net消融实验",
      "epochs": [
        1,
        2,
        3,
        4,
        5,
        6,
        7,
        8,
        9,
        10
      ],
      "train_acc": [
        5.86,
        5.84,
        12.3,
        16.53,
        24.98,
        29.27,
        40.55,
        48.42,
        48.12,
        55.17
      ],
      "test_acc": [
        4.24,
        6.12,
        11.51,
        14.18,
        23.51,
        33.44,
        41.03,
        49.58,
        54.81,
        58.25
      ],
      "test_acc_top5": [
        22.02,
        26.27,
        33.84,
        39.6,
        42.65,
        48.09,
        63.3,
        66.71,
        76.1,
        76.06
      ],
      "best_acc": 58.25,
      "parameters": 0.28,
      "total_time": 299.7274718077032
    },
    "eca_k3": {
      "model_name": "ECA消融实验_eca_k3",
      "experiment": "ECA-Net消融实验",
      "epochs": [
        1,
        2,
        3,
        4,
        5,
        6,
        7,
        8,
        9,
        10
      ],
      "train_acc": [
        10.36,
        12.46,
        13.11,
        19.68,
        25.9,
        33.47,
        41.54,
        47.79,
        51.71,
        56.24
      ],
      "test_acc": [
        8.42,
        10.93,
        14.02,
        18.34,
        26.39,
        35.44,
        40.63,
        47.55,
        52.37,
        56.8
      ],
      "test_acc_top5": [
        29.26,
        36.35,
        30.66,
        43.36,
        43.74,
        56.16,
        56.34,
        63.96,
        68.07,
        74.63
      ],
      "best_acc": 56.8,
      "parameters": 0.28,
      "total_time": 294.75523123252674
    }
  },
  "GhostNet消融实验": {
    "baseline": {
      "model_name": "GhostNet消融实验_baseline",
      "experiment": "GhostNet消融实验",
      "epochs": [
        1,
        2,
        3,
        4,
        5,
        6,
        7,
        8,
        9,
        10
      ],
      "train_acc": [
        10.01,
        12.69,
        14.01,
        17.94,
        24.47,
        32.85,
        44.06,
        44.49,
        53.56,
        56.13
      ],
      "test_acc": [
        9.67,
        8.75,
        13.61,
        17.69,
        25.17,
        32.58,
        41.3,
        46.38,
        52.8,
        54.9
      ],
      "test_acc_top5": [
        30.0,
        27.23,
        31.3,
        35.36,
        42.65,
        54.54,
        62.4,
        70.8,
        68.55,
        70.29
      ],
      "best_acc": 54.9,
      "parameters": 0.28,
      "total_time": 241.9251830862305
    },
    "ghost": {
      "model_name": "GhostNet消融实验_ghost",
      "experiment": "GhostNet消融实验",
      "epochs": [
        1,
        2,
        3,
        4,
        5,
        6,
        7,
        8,
        9,
        10
      ],
      "train_acc": [
        7.75,
        10.13,
        15.6,
        18.24,
        28.37,
        32.23,
        39.05,
        46.22,
        50.5,
        59.71
      ],
      "test_acc": [
        9.79,
        9.9,
        12.43,
        16.36,
        24.82,
        29.69,
        39.44,
        45.65,
        48.71,
        50.66
      ],
      "test_acc_top5": [
        31.88,
        31.34,
        36.18,
        43.32,
        45.87,
        54.05,
        56.83,
        71.59,
        70.7,
        77.22
      ],
      "best_acc": 50.66,
      "parameters": 0.03,
      "total_time": 306.00760806785416
    },
    "ghost_ratio4": {
      "model_name": "GhostNet消融实验_ghost_ratio4",
      "experiment": "GhostNet消融实验",
      "epochs": [
        1,
        2,
        3,
        4,
        5,
        6,
        7,
        8,
        9,
        10
      ],
      "train_acc": [
        10.44,
        12.14,
        14.27,
        19.74,
        25.41,
        32.66,
        40.5,
        48.45,
        49.26,
        56.88
      ],
      "test_acc": [
        5.52,
        7.23,
        12.05,
        14.51,
        22.62,
        28.89,
        36.28,
        41.42,
        45.38,
        48.2
      ],
      "test_acc_top5": [
        32.63,
        26.87,
        30.63,
        35.66,
        49.52,
        55.42,
        64.71,
        62.78,
        67.62,
        75.58
      ],
      "best_acc": 48.2,
      "parameters": 0.025,
      "total_time": 280.68696171881214
    }
  },
  "注意力位置消融实验": {
    "baseline": {
      "model_name": "注意力位置消融实验_baseline",
      "experiment": "注意力位置消融实验",
      "epochs": [
        1,
        2,
        3,
        4,
        5,
        6,
        7,
        8,
        9,
        10
      ],
      "train_acc": [
        9.77,
        9.65,
        12.5,
        16.93,
        26.82,
        34.05,
        41.78,
        46.68,
        53.23,
        53.09
      ],
      "test_acc": [
        7.02,
        11.29,
        12.67,
        17.96,
        24.09,
        32.62,
        42.49,
        46.88,
        52.84,
        54.9
      ],
      "test_acc_top5": [
        34.13,
        32.59,
        31.95,
        35.85,
        47.1,
        51.67,
        63.58,
        67.04,
        72.57,
        71.84
      ],
      "best_acc": 54.9,
      "parameters": 0.28,
      "total_time": 342.26599819629865
    },
    "eca_before_residual": {
      "model_name": "注意力位置消融实验_eca_before_residual",
      "experiment": "注意力位置消融实验",
      "epochs": [
        1,
        2,
        3,
        4,
        5,
        6,
        7,
        8,
        9,
        10
      ],
      "train_acc": [
        8.09,
        8.61,
        14.02,
        20.28,
        27.61,
        31.99,
        39.68,
        50.0,
        51.15,
        57.33
      ],
      "test_acc": [
        8.76,
        12.06,
        13.44,
        20.78,
        26.13,
        36.3,
        43.44,
        48.77,
        56.88,
        57.8
      ],
      "test_acc_top5": [
        29.23,
        29.53,
        29.62,
        43.57,
        48.82,
        54.28,
        63.57,
        67.33,
        67.9,
        70.12
      ],
      "best_acc": 57.8,
      "parameters": 0.28,
      "total_time": 341.6452593451406
    },
    "eca_after_residual": {
      "model_name": "注意力位置消融实验_eca_after_residual",
      "experiment": "注意力位置消融实验",
      "epochs": [
        1,
        2,
        3,
        4,
        5,
        6,
        7,
        8,
        9,
        10
      ],
      "train_acc": [
        8.98,
        12.39,
        14.1,
        17.43,
        28.88,
        32.2,
        42.87,
        46.34,
        51.62,
        57.14
      ],
      "test_acc": [
        8.8,
        10.39,
        13.5,
        20.25,
        27.21,
        34.18,
        41.05,
        48.32,
        53.67,
        56.2
      ],
      "test_acc_top5": [
        32.35,
        35.91,
        33.51,
        44.78,
        45.49,
        58.05,
        63.12,
        65.58,
        67.48,
        75.75
      ],
      "best_acc": 56.2,
      "parameters": 0.28,
      "total_time": 317.4866657520206
    }
  }
}