{
  "baseline": {
    "model_name": "ECA消融实验_baseline",
    "experiment": "ECA-Net消融实验",
    "epochs": [
      1,
      2,
      3,
      4,
      5,
      6,
      7,
      8,
      9,
      10
    ],
    "train_acc": [
      6.76,
      11.28,
      11.94,
      19.62,
      21.8,
      34.71,
      42.05,
      49.69,
      52.16,
      56.49
    ],
    "test_acc": [
      7.61,
      7.32,
      11.45,
      16.04,
      23.3,
      32.59,
      39.88,
      46.35,
      50.97,
      54.9
    ],
    "test_acc_top5": [
      31.22,
      32.77,
      33.16,
      36.64,
      41.75,
      52.99,
      56.42,
      64.76,
      70.82,
      72.17
    ],
    "best_acc": 54.9,
    "parameters": 0.28,
    "total_time": 298.7479230996923
  },
  "with_eca": {
    "model_name": "ECA消融实验_with_eca",
    "experiment": "ECA-Net消融实验",
    "epochs": [
      1,
      2,
      3,
      4,
      5,
      6,
      7,
      8,
      9,
      10
    ],
    "train_acc": [
      5.86,
      5.84,
      12.3,
      16.53,
      24.98,
      29.27,
      40.55,
      48.42,
      48.12,
      55.17
    ],
    "test_acc": [
      4.24,
      6.12,
      11.51,
      14.18,
      23.51,
      33.44,
      41.03,
      49.58,
      54.81,
      58.25
    ],
    "test_acc_top5": [
      22.02,
      26.27,
      33.84,
      39.6,
      42.65,
      48.09,
      63.3,
      66.71,
      76.1,
      76.06
    ],
    "best_acc": 58.25,
    "parameters": 0.28,
    "total_time": 299.7274718077032
  },
  "eca_k3": {
    "model_name": "ECA消融实验_eca_k3",
    "experiment": "ECA-Net消融实验",
    "epochs": [
      1,
      2,
      3,
      4,
      5,
      6,
      7,
      8,
      9,
      10
    ],
    "train_acc": [
      10.36,
      12.46,
      13.11,
      19.68,
      25.9,
      33.47,
      41.54,
      47.79,
      51.71,
      56.24
    ],
    "test_acc": [
      8.42,
      10.93,
      14.02,
      18.34,
      26.39,
      35.44,
      40.63,
      47.55,
      52.37,
      56.8
    ],
    "test_acc_top5": [
      29.26,
      36.35,
      30.66,
      43.36,
      43.74,
      56.16,
      56.34,
      63.96,
      68.07,
      74.63
    ],
    "best_acc": 56.8,
    "parameters": 0.28,
    "total_time": 294.75523123252674
  }
}