{
  "baseline": {
    "model_name": "GhostNet消融实验_baseline",
    "experiment": "GhostNet消融实验",
    "epochs": [
      1,
      2,
      3,
      4,
      5,
      6,
      7,
      8,
      9,
      10
    ],
    "train_acc": [
      10.01,
      12.69,
      14.01,
      17.94,
      24.47,
      32.85,
      44.06,
      44.49,
      53.56,
      56.13
    ],
    "test_acc": [
      9.67,
      8.75,
      13.61,
      17.69,
      25.17,
      32.58,
      41.3,
      46.38,
      52.8,
      54.9
    ],
    "test_acc_top5": [
      30.0,
      27.23,
      31.3,
      35.36,
      42.65,
      54.54,
      62.4,
      70.8,
      68.55,
      70.29
    ],
    "best_acc": 54.9,
    "parameters": 0.28,
    "total_time": 241.9251830862305
  },
  "ghost": {
    "model_name": "GhostNet消融实验_ghost",
    "experiment": "GhostNet消融实验",
    "epochs": [
      1,
      2,
      3,
      4,
      5,
      6,
      7,
      8,
      9,
      10
    ],
    "train_acc": [
      7.75,
      10.13,
      15.6,
      18.24,
      28.37,
      32.23,
      39.05,
      46.22,
      50.5,
      59.71
    ],
    "test_acc": [
      9.79,
      9.9,
      12.43,
      16.36,
      24.82,
      29.69,
      39.44,
      45.65,
      48.71,
      50.66
    ],
    "test_acc_top5": [
      31.88,
      31.34,
      36.18,
      43.32,
      45.87,
      54.05,
      56.83,
      71.59,
      70.7,
      77.22
    ],
    "best_acc": 50.66,
    "parameters": 0.03,
    "total_time": 306.00760806785416
  },
  "ghost_ratio4": {
    "model_name": "GhostNet消融实验_ghost_ratio4",
    "experiment": "GhostNet消融实验",
    "epochs": [
      1,
      2,
      3,
      4,
      5,
      6,
      7,
      8,
      9,
      10
    ],
    "train_acc": [
      10.44,
      12.14,
      14.27,
      19.74,
      25.41,
      32.66,
      40.5,
      48.45,
      49.26,
      56.88
    ],
    "test_acc": [
      5.52,
      7.23,
      12.05,
      14.51,
      22.62,
      28.89,
      36.28,
      41.42,
      45.38,
      48.2
    ],
    "test_acc_top5": [
      32.63,
      26.87,
      30.63,
      35.66,
      49.52,
      55.42,
      64.71,
      62.78,
      67.62,
      75.58
    ],
    "best_acc": 48.2,
    "parameters": 0.025,
    "total_time": 280.68696171881214
  }
}