{
  "baseline": {
    "model_name": "注意力位置消融实验_baseline",
    "experiment": "注意力位置消融实验",
    "epochs": [
      1,
      2,
      3,
      4,
      5,
      6,
      7,
      8,
      9,
      10
    ],
    "train_acc": [
      9.77,
      9.65,
      12.5,
      16.93,
      26.82,
      34.05,
      41.78,
      46.68,
      53.23,
      53.09
    ],
    "test_acc": [
      7.02,
      11.29,
      12.67,
      17.96,
      24.09,
      32.62,
      42.49,
      46.88,
      52.84,
      54.9
    ],
    "test_acc_top5": [
      34.13,
      32.59,
      31.95,
      35.85,
      47.1,
      51.67,
      63.58,
      67.04,
      72.57,
      71.84
    ],
    "best_acc": 54.9,
    "parameters": 0.28,
    "total_time": 342.26599819629865
  },
  "eca_before_residual": {
    "model_name": "注意力位置消融实验_eca_before_residual",
    "experiment": "注意力位置消融实验",
    "epochs": [
      1,
      2,
      3,
      4,
      5,
      6,
      7,
      8,
      9,
      10
    ],
    "train_acc": [
      8.09,
      8.61,
      14.02,
      20.28,
      27.61,
      31.99,
      39.68,
      50.0,
      51.15,
      57.33
    ],
    "test_acc": [
      8.76,
      12.06,
      13.44,
      20.78,
      26.13,
      36.3,
      43.44,
      48.77,
      56.88,
      57.8
    ],
    "test_acc_top5": [
      29.23,
      29.53,
      29.62,
      43.57,
      48.82,
      54.28,
      63.57,
      67.33,
      67.9,
      70.12
    ],
    "best_acc": 57.8,
    "parameters": 0.28,
    "total_time": 341.6452593451406
  },
  "eca_after_residual": {
    "model_name": "注意力位置消融实验_eca_after_residual",
    "experiment": "注意力位置消融实验",
    "epochs": [
      1,
      2,
      3,
      4,
      5,
      6,
      7,
      8,
      9,
      10
    ],
    "train_acc": [
      8.98,
      12.39,
      14.1,
      17.43,
      28.88,
      32.2,
      42.87,
      46.34,
      51.62,
      57.14
    ],
    "test_acc": [
      8.8,
      10.39,
      13.5,
      20.25,
      27.21,
      34.18,
      41.05,
      48.32,
      53.67,
      56.2
    ],
    "test_acc_top5": [
      32.35,
      35.91,
      33.51,
      44.78,
      45.49,
      58.05,
      63.12,
      65.58,
      67.48,
      75.75
    ],
    "best_acc": 56.2,
    "parameters": 0.28,
    "total_time": 317.4866657520206
  }
}