{
  "train_loss": [
    4.132995760959128,
    3.886384434102441,
    3.6893343004729133,
    3.5446895065210056,
    3.432667682237942,
    3.345022792401521,
    3.2588559300698283,
    3.176939584410099,
    3.107219514944364,
    3.039234556505442,
    2.980469412206079,
    2.9274631650246623,
    2.8863654685447284,
    2.852980267361302,
    2.833243401763994
  ],
  "test_loss": [
    4.066750595841227,
    3.747638964954811,
    3.568092826046521,
    3.499171326432047,
    3.337119123603724,
    3.314372126060196,
    3.2206718529327008,
    3.0947358638425415,
    3.0598270470582984,
    3.013363255730158,
    2.9480334293993216,
    2.9098427808737455,
    2.871620839155173,
    2.866791637637947,
    2.8608794423598276
  ],
  "train_acc": [
    6.328,
    9.476,
    12.802,
    15.342,
    17.35,
    19.03,
    20.572,
    22.058,
    23.244,
    24.74,
    25.962,
    27.056,
    28.01,
    28.592,
    29.026
  ],
  "test_acc": [
    7.31,
    12.11,
    14.78,
    16.48,
    19.8,
    19.67,
    21.63,
    23.98,
    24.97,
    25.68,
    27.47,
    28.39,
    29.28,
    29.15,
    29.4
  ],
  "test_acc5": [
    24.21,
    35.07,
    40.75,
    42.32,
    46.85,
    47.6,
    50.1,
    53.75,
    54.34,
    55.33,
    57.38,
    57.71,
    58.62,
    58.97,
    58.81
  ],
  "epoch_times": [
    16.36385178565979,
    11.446875095367432,
    14.724939823150635,
    11.972164630889893,
    14.603257417678833,
    14.155924797058105,
    13.796448707580566,
    14.174416542053223,
    11.467602491378784,
    14.407102584838867,
    12.687700510025024,
    14.953373670578003,
    10.913415670394897,
    14.009653568267822,
    11.636759519577026
  ],
  "learning_rates": [
    0.09890738003669029,
    0.09567727288213004,
    0.09045084971874738,
    0.08345653031794292,
    0.07500000000000001,
    0.06545084971874739,
    0.05522642316338269,
    0.04477357683661735,
    0.03454915028125265,
    0.02500000000000002,
    0.01654346968205711,
    0.009549150281252635,
    0.004322727117869953,
    0.001092619963309716,
    0.0
  ]
}