{
  "train_loss": [
    3.8313713585934064,
    3.17695285414186,
    2.698373323816168,
    2.384317340143501,
    2.159387436364313,
    1.9962910099712479,
    1.861909146199141,
    1.7501531183872077,
    1.6428493971714888,
    1.5518177397110884,
    1.4583680715097491,
    1.3850076110161784,
    1.318413061863931,
    1.2709585969405406,
    1.2412680664940563
  ],
  "test_loss": [
    3.532274964489514,
    3.1879181499722637,
    2.645330024670951,
    2.3797017728226093,
    2.288052430635766,
    2.180074709880201,
    1.9773398501963555,
    1.8421112827107877,
    1.7823803349386287,
    1.820030823538575,
    1.6411937037600746,
    1.6105472437943085,
    1.5381254697147804,
    1.5087129632128944,
    1.492448506476004
  ],
  "train_acc": [
    10.136,
    21.024,
    30.068,
    36.598,
    41.688,
    45.204,
    48.316,
    51.132,
    53.62,
    55.934,
    58.2,
    60.33,
    62.008,
    63.374,
    64.194
  ],
  "test_acc": [
    15.46,
    21.59,
    30.99,
    37.07,
    39.11,
    41.38,
    45.8,
    49.71,
    50.92,
    50.78,
    54.35,
    55.4,
    56.99,
    57.58,
    58.25
  ],
  "test_acc5": [
    40.89,
    50.96,
    64.7,
    70.7,
    72.32,
    74.31,
    77.95,
    79.77,
    81.42,
    80.8,
    83.57,
    84.61,
    85.24,
    85.9,
    86.06
  ],
  "epoch_times": [
    298.0332283973694,
    16.656304121017456,
    20.74823498725891,
    101.37346291542053,
    19.736087799072266,
    16.083141088485718,
    19.481712818145752,
    18.07951331138611,
    24.527867317199707,
    32.569631576538086,
    32.34561061859131,
    33.53741407394409,
    37.082011222839355,
    27.66312050819397,
    43.56378769874573
  ],
  "learning_rates": [
    0.09890738003669029,
    0.09567727288213004,
    0.09045084971874738,
    0.08345653031794292,
    0.07500000000000001,
    0.06545084971874739,
    0.05522642316338269,
    0.04477357683661735,
    0.03454915028125265,
    0.02500000000000002,
    0.01654346968205711,
    0.009549150281252635,
    0.004322727117869953,
    0.001092619963309716,
    0.0
  ]
}