{
  "train_loss": [
    3.654353741794596,
    2.9745684932259953,
    2.6568737316619404,
    2.474083694960455,
    2.33678563628965,
    2.238615168330005,
    2.1630732814979066,
    2.082413891392291,
    2.0200619481103805,
    1.9649068998253865,
    1.9059210549230161,
    1.8565753533712128,
    1.81137156760906,
    1.7781592360542864,
    1.7555876421501568
  ],
  "test_loss": [
    3.338186092014554,
    2.9493437899818904,
    3.013498010514658,
    2.633650559413282,
    2.474310070653505,
    2.3148462078239342,
    2.501410722732544,
    2.2137572855889043,
    2.2832782811756376,
    2.0669613714459576,
    1.958523816700223,
    1.9227702934530717,
    1.8722864917561979,
    1.8515847046164018,
    1.8366529790661004
  ],
  "train_acc": [
    13.644,
    25.018,
    31.3,
    35.386,
    38.194,
    40.55,
    42.406,
    44.06,
    45.586,
    46.886,
    47.976,
    49.418,
    50.462,
    51.482,
    51.798
  ],
  "test_acc": [
    21.09,
    26.15,
    27.26,
    33.78,
    36.02,
    39.22,
    36.77,
    41.48,
    41.22,
    45.62,
    47.68,
    48.33,
    49.7,
    50.19,
    50.66
  ],
  "test_acc5": [
    47.68,
    58.46,
    58.71,
    65.68,
    68.91,
    71.38,
    68.89,
    74.25,
    72.96,
    76.53,
    78.36,
    78.81,
    79.59,
    79.96,
    80.19
  ],
  "epoch_times": [
    33.464518785476685,
    23.073140621185303,
    23.001944065093994,
    16.32586932182312,
    24.26508069038391,
    22.731648206710815,
    22.668888092041016,
    21.226322412490845,
    24.412694454193115,
    28.18824338912964,
    24.656695127487183,
    32.972532749176025,
    32.289031982421875,
    33.17217421531677,
    24.84398341178894
  ],
  "learning_rates": [
    0.09890738003669029,
    0.09567727288213004,
    0.09045084971874738,
    0.08345653031794292,
    0.07500000000000001,
    0.06545084971874739,
    0.05522642316338269,
    0.04477357683661735,
    0.03454915028125265,
    0.02500000000000002,
    0.01654346968205711,
    0.009549150281252635,
    0.004322727117869953,
    0.001092619963309716,
    0.0
  ]
}