{
  "train_loss": [
    3.978593111038208,
    3.342937469482422
  ],
  "test_loss": [
    3.706998825073242,
    3.2434260845184326
  ],
  "train_acc": [
    7.812,
    18.312
  ],
  "test_acc": [
    12.43,
    21.57
  ],
  "test_acc5": [
    37.33,
    50.17
  ],
  "epoch_times": [
    21.936371326446533,
    18.70681643486023
  ],
  "learning_rates": [
    0.05,
    0.0
  ]
}