{
  "train_loss": [
    3.9966696583096635,
    3.450496343090711,
    2.992823156859259
  ],
  "test_loss": [
    3.7883406590811814,
    3.3387626877313927,
    2.89543012727665
  ],
  "train_acc": [
    7.786,
    16.362,
    24.856
  ],
  "test_acc": [
    11.4,
    19.54,
    26.41
  ],
  "test_acc5": [
    34.58,
    47.63,
    58.24
  ],
  "epoch_times": [
    17.730342864990234,
    16.46939206123352,
    14.394352197647095
  ],
  "learning_rates": [
    0.07500000000000001,
    0.025000000000000015,
    0.0
  ]
}