{
  "train_loss": [
    3.9339470674314767,
    3.3418604364175626
  ],
  "test_loss": [
    3.6390454648416255,
    3.3351837562609323
  ],
  "train_acc": [
    8.758,
    18.57
  ],
  "test_acc": [
    14.54,
    19.85
  ],
  "test_acc5": [
    38.83,
    47.59
  ],
  "epoch_times": [
    45.8614387512207,
    13.220243453979492
  ],
  "learning_rates": [
    0.05,
    0.0
  ]
}